question_path,done,new_question_path
"NeetCode-150/01. Arrays & Hashing/01. ContainsDuplicate.md",No,
"NeetCode-150/02. Two Pointer/01.ValidPalindrome.md",No,
"NeetCode-150/01. Arrays & Hashing/02.ValidAnagram.md",No,
"NeetCode-150/04. Stack/01.ValidParentheses.md",No,
"NeetCode-150/01. Arrays & Hashing/03.TwoSum.md",No,
"NeetCode-150/05. Binary Search/01.BinarySearch.md",No,
"NeetCode-150/01. Arrays & Hashing/04.GroupAnagrams.md",No,
"NeetCode-150/02. Two Pointer/02.TwoSumII.md",No,
"NeetCode-150/04. Stack/02.MinStack.md",No,
"NeetCode-150/01. Arrays & Hashing/06.ProductOfArrayExceptSelf.md",No,
"NeetCode-150/03. Sliding Window/01.BestTimeToBuy&SellStock.md",No,
"NeetCode-150/06. LinkedList/01.ReverseLinkedList.md",No,
"NeetCode-150/01. Arrays & Hashing/07.ValidSodoku.md",No,
"NeetCode-150/02. Two Pointer/03.3Sum.md",No,
"NeetCode-150/04. Stack/03.EvaluateReversePolishNotation.md",No,
"NeetCode-150/05. Binary Search/02.SearchIn2DMatrix.md",No,
"NeetCode-150/01. Arrays & Hashing/08.EncodeAndDecodeStrings.md",No,
"NeetCode-150/03. Sliding Window/02.LongestSubstringWithoutRepeatingCharacters.md",No,
"NeetCode-150/06. LinkedList/02.MergeTwoLinkedList.md",No,
"NeetCode-150/16. Intervals/02.MergeInterval.md",No,
"NeetCode-150/01. Arrays & Hashing/09.LongestConsecutiveSequence.md",No,
"NeetCode-150/02. Two Pointer/04.ContainerWithMostWater.md",No,
"NeetCode-150/04. Stack/04.GenerateParentheses.md",No,
"NeetCode-150/05. Binary Search/03.KokoEatingBananas.md",No,
"NeetCode-150/06. LinkedList/06.AddTwoNumbers.md",No,
"NeetCode-150/16. Intervals/01.InsertInterval.md",No,
"NeetCode-150/03. Sliding Window/03.LongestRepeatingCharacterReplacement.md",No,
"NeetCode-150/07. Tree/01.InvertBinaryTree.md",No,
"NeetCode-150/04. Stack/05.DailyTemperatures.md",No,
"NeetCode-150/02. Two Pointer/05.TrappingRainWater.md",No,
"NeetCode-150/05. Binary Search/04.SearchInRotatedSortedArray.md",No,
"NeetCode-150/06. LinkedList/04.RemoveNthNodeFromEndOfTheList.md",No,
"NeetCode-150/16. Intervals/03.Non-OverlappingIntervals.md",No,
"NeetCode-150/03. Sliding Window/04.PermutationInString.md",No,
"NeetCode-150/07. Tree/02.MaxDepthOfBinaryTree.md",No,
"NeetCode-150/04. Stack/06.CarFleet.md",No,
"NeetCode-150/05. Binary Search/05.FindMinimumInRotatedSortedArray.md",No,
"NeetCode-150/06. LinkedList/07.LinkedListCycle.md",No,
"NeetCode-150/09. Heap or PriorityQueue/02.LastStoneWeight.md",No,
"NeetCode-150/01. Arrays & Hashing/05.TopKElements.md",No,
"NeetCode-150/16. Intervals/04.MeetingRooms.md",No,
"NeetCode-150/03. Sliding Window/05.MinimumWindowSubstring.md",No,
"NeetCode-150/07. Tree/05.SameTree.md",No,
"NeetCode-150/04. Stack/07.LargestRectangleInHistogram.md",No,
"NeetCode-150/05. Binary Search/06.TimeBasedKeyValueStore.md",No,
"NeetCode-150/06. LinkedList/03.ReorderList.md",No,
"NeetCode-150/09. Heap or PriorityQueue/03.KClosestPointsToOrigin.md",No,
"NeetCode-150/16. Intervals/05.MeetingRoomsII.md",No,
"NeetCode-150/03. Sliding Window/06.SlidingWindowMaximum.md",No,
"NeetCode-150/07. Tree/03.DiameterOfABinaryTree.md",No,
"NeetCode-150/05. Binary Search/07.MedianOfTwoSortedArrays.md",No,
"NeetCode-150/06. LinkedList/05.CopyListWithRandomPointer.md",No,
"NeetCode-150/09. Heap or PriorityQueue/01.kthLargestElementInAStream.md",No,
"NeetCode-150/07. Tree/04.BalancedBinaryTree.md",No,
"NeetCode-150/06. LinkedList/08.FindDuplicateNumber.md",No,
"NeetCode-150/09. Heap or PriorityQueue/04.KthLargestElementInAnArray.md",No,
"NeetCode-150/07. Tree/06.SubtreeOfAnotherTree.md",No,
"NeetCode-150/06. LinkedList/09.LRUCache.md",No,
"NeetCode-150/09. Heap or PriorityQueue/05.TaskScheduler.md",No,
"NeetCode-150/07. Tree/08.BinaryTreeLevelOrderTraversal.md",No,
"NeetCode-150/06. LinkedList/10.MergeKSortedLists.md",No,
"NeetCode-150/09. Heap or PriorityQueue/07.FindMedianFromDataStream.md",No,
"NeetCode-150/07. Tree/09.BinaryTreeRightSideView.md",No,
"NeetCode-150/06. LinkedList/11.ReverseNodesInK-Group.md",No,
"NeetCode-150/07. Tree/10.CountGoodNodesInBinaryTree.md",No,
"NeetCode-150/10. Backtracking/01.Subsets.md",No,
"NeetCode-150/07. Tree/11.ValidateBinarySearchTree.md",No,
"NeetCode-150/10. Backtracking/03.Permutations.md",No,
"NeetCode-150/07. Tree/07.LowsetCommonAncestorOfABinarySearchTree.md",No,
"NeetCode-150/10. Backtracking/02.CombinationSum.md",No,
"NeetCode-150/07. Tree/12.KthSmallestElementInABST.md",No,
"NeetCode-150/10. Backtracking/04.SubsetsII.md",No,
"NeetCode-150/07. Tree/13.ConstructBinaryTreeFromPreorderAndInorderTraversal.md",No,
"NeetCode-150/10. Backtracking/05.CombinationSumII.md",No,
"NeetCode-150/07. Tree/14.BinaryTreeMaximumPathSum.md",No,
"NeetCode-150/10. Backtracking/08.LetterCombinationsOfAPhone.md",No,
"NeetCode-150/07. Tree/15.SerializeAndDeserializeBinaryTree.md",No,
"NeetCode-150/10. Backtracking/07.PalindromePartitioning.md",No,
"NeetCode-150/08. Trie/01.ImplementTrie.md",No,
"NeetCode-150/10. Backtracking/06.WordSearch.md",No,
"NeetCode-150/08. Trie/02.DesignAddandSearchWordDataStructure.md",No,
"NeetCode-150/10. Backtracking/09.N-Queens.md",No,
"NeetCode-150/11. Graphs/01.NumberOfIslands.md",No,
"NeetCode-150/13. 1-D Dynamic Programming/01.ClimbingStairs.md",No,
"NeetCode-150/11. Graphs/03.MaxAreaOfIsland.md",No,
"NeetCode-150/13. 1-D Dynamic Programming/02.MinCostClimbingStair.md",No,
"NeetCode-150/11. Graphs/02.CloneGraph.md",No,
"NeetCode-150/13. 1-D Dynamic Programming/03.HouseRobber.md",No,
"NeetCode-150/11. Graphs/05.SurroundedRegions.md",No,
"NeetCode-150/13. 1-D Dynamic Programming/04.HouseRobberII.md",No,
"NeetCode-150/11. Graphs/06.RottenOranges.md",No,
"NeetCode-150/13. 1-D Dynamic Programming/05.LongestPalindromicSubstring.md",No,
"NeetCode-150/11. Graphs/07.WallsAndGates.md",No,
"NeetCode-150/13. 1-D Dynamic Programming/06.PalindromicSubstrings.md",No,
"NeetCode-150/11. Graphs/04.PacificAtlanticWaterFlow.md",No,
"NeetCode-150/13. 1-D Dynamic Programming/07.DecodeWays.md",No,
"NeetCode-150/11. Graphs/11.NumberOfConnectedComponentsInAnUndirectedGraph.md",No,
"NeetCode-150/13. 1-D Dynamic Programming/08.CoinChange.md",No,
"NeetCode-150/Misc-DSA/01.UnionFind.md",No,
"NeetCode-150/13. 1-D Dynamic Programming/09.MaxProductSubArray.md",No,
"NeetCode-150/11. Graphs/12.GraphValidTree.md",No,
"NeetCode-150/13. 1-D Dynamic Programming/10.WordBreak.md",No,
"NeetCode-150/11. Graphs/10.RedundantConnection.md",No,
"NeetCode-150/13. 1-D Dynamic Programming/11.LongestIncreasingSubsequence.md",No,
"NeetCode-150/11. Graphs/08.CourseSchedule.md",No,
"NeetCode-150/13. 1-D Dynamic Programming/12.PartitionEqualSubsetSum.md",No,
"NeetCode-150/11. Graphs/09.CourseScheduleII.md",No,
"NeetCode-150/15. Greedy/01.MaximumSubarray.md",No,
"NeetCode-150/11. Graphs/13.WordLadder.md",No,
"NeetCode-150/15. Greedy/02.Jump.md",No,
"NeetCode-150/12. Advanced Graphs/02.MinCostToConnectAllPoints.md",No,
"NeetCode-150/15. Greedy/03.JumpII.md",No,
"NeetCode-150/12. Advanced Graphs/03.NetworkDelayTime.md",No,
"NeetCode-150/15. Greedy/04.GasStation.md",No,
"NeetCode-150/12. Advanced Graphs/06.CheapestFlightsWithinKStops.md",No,
"NeetCode-150/15. Greedy/05.HandOfStraights.md",No,
"NeetCode-150/Misc-DSA/04.Bellman-ford.md",No,
"NeetCode-150/15. Greedy/08.ValidParenthesisString.md",No,
"NeetCode-150/14. 2-D Dynamic Programming/01.UniquePaths.md",No,
"NeetCode-150/Misc-DSA/03.BFS-Graph.md",No,
"NeetCode-150/14. 2-D Dynamic Programming/02.LongestCommonSubsequence.md",No,
"NeetCode-150/Misc-DSA/02.Dijkstra's Algorithm.md",No,
"NeetCode-150/14. 2-D Dynamic Programming/03.BestTimeToBuyAndSellStockWithCooldown.md",No,
"NeetCode-150/Misc-DSA/05.KMP-Algorithm.md",No,
"NeetCode-150/14. 2-D Dynamic Programming/04.CoinChange2.md",No,
"NeetCode-150/Misc-DSA/06.SegmentTree.md",No,
"NeetCode-150/14. 2-D Dynamic Programming/07.LongestIncreasingPathInAMatrix.md",No,
"NeetCode-150/Misc-DSA/07.FenwickTree.md",No,
"NeetCode-150/14. 2-D Dynamic Programming/09.EditDistance.md",No,
"NeetCode-150/Misc-DSA/08.FenwickTree2D.md",No,
